individuo,total,p1_sin_coord,p2_antes_inicio,p3_cola_inmovil,p4_calidad,p5_pico,validas,ultima_utc,dias_con_datos
Ardea1,30568,4,0,93,1,3,30467,2026-09-27 17:31:55,1254
Ardilla1,101,0,0,0,0,0,101,2023-03-31 19:32:03,18
Ardilla2,1155,0,0,0,0,0,1155,2023-10-16 14:28:13,162
Ardilla3,44,0,0,0,0,0,44,2023-05-15 3:32:10,8
Ardilla4,1204,0,0,0,1,0,1203,2023-10-22 23:06:53,170
Ardilla5,1069,0,0,0,0,0,1069,2023-10-05 14:28:58,153
Asio1,2795,152,0,0,5,0,2638,2025-10-28 16:29:23,553
Asio2,696,0,0,0,0,0,696,2023-08-01 10:36:59,121
Buho1,113,0,0,0,0,0,113,2023-05-19 18:40:53,7
Buho2,105,0,0,0,0,0,105,2023-03-28 23:59:02,7
Cormorán1,2965,0,0,0,1,0,2964,2023-09-10 11:34:13,132
Gallinazo1,2257,0,0,0,0,0,2257,2024-04-01 16:42:39,231
Gallinazo2,23997,44,0,0,13,1,23939,2026-08-17 16:39:38,1038
Garza1,37777,2,0,0,21,0,37754,2026-10-01 10:29:26,1375
Garza2,30363,31,0,0,17,3,30312,2026-10-01 10:29:38,1242
Garza3,23732,11,0,0,12,1,23708,2026-02-18 16:58:55,992
Garza4,32057,38,0,0,2,3,32014,2026-10-01 10:29:38,1289
Garza5,19455,0,0,0,14,1,19440,2025-05-28 16:24:42,812
Garza6,14697,0,0,0,4,1,14692,2024-10-21 16:28:53,654
Garza7,29859,219,0,0,0,2,29638,2026-10-01 10:29:30,1225
Guacharaca1,11325,459,0,0,19,0,10847,2026-09-29 3:17:05,1172
Guacharaca2,12764,24,0,0,13,0,12727,2026-10-01 10:30:24,1268
Guacharaca3,3391,0,0,0,1,0,3390,2023-03-18 20:50:32,138
Guacharaca4,11973,31,0,0,4,0,11938,2026-10-01 10:30:13,1251
Guacharaca5,11167,117,0,0,44,0,11006,2026-10-01 10:29:59,1247
Guacharaca6,9234,12,0,0,7,0,9215,2025-12-22 14:47:57,995
Guacharaca7,10799,115,0,0,13,1,10670,2026-09-21 14:32:29,1227
Nycticorax,351,0,0,0,0,0,351,2023-08-16 16:37:44,60
Pava1,5964,1349,0,34,15,0,4566,2026-09-21 16:31:05,672
Pava2,533,0,0,0,0,0,533,2024-02-27 23:37:19,41
Perezoso1,291,0,0,0,2,0,289,2023-06-25 10:31:16,79
Phimosus1,11400,0,0,0,31,0,11369,2024-02-19 16:59:55,433
Phimosus2,16124,0,0,0,24,1,16099,2024-09-13 15:34:52,615
Phimosus3,30469,138,0,0,13,1,30317,2026-10-01 10:29:37,1256
Phimosus4,29136,29,0,0,3,1,29103,2026-02-23 16:58:01,1159
Phimosus5,31292,1979,0,0,117,4,29192,2026-10-01 10:29:59,1282
Phimosus6,31455,997,0,0,5,1,30452,2026-10-01 10:29:19,1272
Phimosus7,31332,1041,0,0,86,1,30204,2026-10-01 10:30:13,1296
Phimosus8,25676,68,0,0,6,4,25598,2026-10-01 10:29:13,1071
Pigua1,593,0,0,0,0,0,593,2022-12-19 13:47:20,25
Pigua2,6139,0,0,0,2,0,6137,2024-06-15 23:38:07,535
Pigua3,6397,1146,0,0,1,0,5250,2026-02-17 23:36:38,712
Pigua4,9249,10,0,0,0,0,9239,2026-05-01 10:29:51,1080
Pigua5,2892,0,0,0,2,0,2890,2025-04-07 14:33:51,431
Pigua6,10399,0,0,0,2,0,10397,2024-08-12 14:35:00,297
Pigua8,1326,0,0,0,8,0,1318,2025-03-31 18:40:55,291
Puma,6492,0,0,0,866,0,5626,2024-10-10 15:03:01,304
Tigrillo1,379,0,0,0,142,0,237,2024-01-17 8:00:28,120
Titi1,403,0,0,0,0,2,401,2023-12-29 16:52:11,45
Titi2,397,0,0,0,3,0,394,2023-11-14 5:04:05,104
Titi3,4446,0,0,0,6,1,4439,2023-11-22 14:34:46,204
Titi4,5449,0,0,0,14,4,5431,2023-12-22 16:50:01,254
Zarigueya1,81,0,0,0,0,0,81,2023-02-03 4:01:11,52
Zarigueya2,2319,0,0,23,28,0,2268,2024-05-20 8:33:04,491
Zarigueya3,778,0,0,67,0,0,711,2023-08-11 22:39:11,222
Zarigueya4,513,0,0,0,3,0,510,2023-05-30 4:31:26,160
Zarigueya5,454,0,0,0,2,0,452,2023-10-09 5:12:54,248
Zarigueya6,105,0,0,0,0,0,105,2023-04-01 9:34:53,26
Zarigueya7,846,0,0,43,0,0,803,2023-08-25 19:37:30,167
Zorro11,1144,0,15,0,5,0,1124,2024-12-14 23:12:05,380
Zorro12,152,0,0,0,0,0,152,2023-09-21 16:31:53,42
Zorro2,131,0,0,0,0,0,131,2022-12-01 10:38:25,16
Zorro3,773,0,0,0,7,0,766,2023-09-25 5:19:05,175
Zorro4,374,0,0,0,5,0,369,2024-11-28 23:06:02,123
Zorro5,465,0,0,0,0,0,465,2023-05-11 3:32:17,117
Zorro6,1387,0,0,0,3,0,1384,2023-11-23 23:05:19,338
Zorro7,692,0,0,0,1,0,691,2023-09-19 10:33:05,126
Zorro8,2009,0,0,0,4,0,2005,2024-11-28 5:05:18,495
Zorro9,3499,26,0,0,14,0,3459,2026-01-05 16:55:23,836
Ñeque2,187,0,0,187,0,0,0,,
Ñeque3,220,155,0,0,1,0,64,2024-09-04 23:30:29,26
Ñeque4,129,0,0,0,0,0,129,2023-08-15 16:37:35,41
